-- Adminer 4.7.7 MySQL dump

SET NAMES utf8;
SET time_zone = '+00:00';
SET foreign_key_checks = 0;
SET sql_mode = 'NO_AUTO_VALUE_ON_ZERO';

USE `gs`;

DROP TABLE IF EXISTS `cart_products`;
CREATE TABLE `cart_products` (
  `id` int NOT NULL AUTO_INCREMENT,
  `cart_id` int NOT NULL,
  `product_id` int NOT NULL,
  `quantity` float NOT NULL,
  `client` float NOT NULL DEFAULT '0',
  `restaurant` float NOT NULL DEFAULT '0',
  `price` float NOT NULL,
  PRIMARY KEY (`id`),
  KEY `order_id` (`cart_id`),
  KEY `product_id` (`product_id`),
  CONSTRAINT `cart_products_ibfk_1` FOREIGN KEY (`cart_id`) REFERENCES `carts` (`id`) ON DELETE CASCADE,
  CONSTRAINT `cart_products_ibfk_2` FOREIGN KEY (`product_id`) REFERENCES `products` (`id`)
) ENGINE=InnoDB DEFAULT CHARSET=utf8;

INSERT INTO `cart_products` (`id`, `cart_id`, `product_id`, `quantity`, `client`, `restaurant`, `price`) VALUES
(13,	98,	209,	1,	5,	0,	45),
(14,	98,	213,	1,	20,	0,	315),
(15,	99,	214,	1.6,	0,	0,	28),
(16,	99,	212,	1,	3,	10,	33),
(17,	99,	208,	1,	0,	0,	45),
(27,	102,	213,	2,	0,	10,	315),
(28,	102,	212,	1.3,	3,	10,	33),
(29,	102,	25,	5,	0,	0,	40),
(30,	103,	209,	2.7,	0,	0,	45),
(31,	103,	208,	1.4,	0,	0,	45),
(32,	103,	207,	1.1,	0,	0,	23),
(79,	140,	109,	1,	0,	0,	72),
(80,	140,	124,	1,	0,	0,	116),
(81,	141,	109,	1,	0,	0,	72),
(82,	141,	118,	1,	0,	0,	87),
(83,	99,	118,	1,	0,	0,	45),
(84,	99,	209,	1,	0,	0,	45),
(85,	99,	25,	1,	0,	0,	45);

DROP TABLE IF EXISTS `carts`;
CREATE TABLE `carts` (
  `id` int NOT NULL AUTO_INCREMENT,
  `hash` varchar(255) CHARACTER SET utf8 COLLATE utf8_general_ci NOT NULL,
  `user_id` int DEFAULT NULL,
  `name` varchar(255) CHARACTER SET utf8 COLLATE utf8_general_ci NOT NULL,
  `phone` varchar(255) CHARACTER SET utf8 COLLATE utf8_general_ci NOT NULL,
  `address` varchar(255) CHARACTER SET utf8 COLLATE utf8_general_ci DEFAULT NULL,
  `message` text CHARACTER SET utf8 COLLATE utf8_general_ci,
  `count` int DEFAULT NULL,
  `price` float DEFAULT NULL,
  `discount` float DEFAULT '0',
  `created_at` timestamp NOT NULL DEFAULT CURRENT_TIMESTAMP,
  PRIMARY KEY (`id`),
  UNIQUE KEY `orders_id_uindex` (`id`)
) ENGINE=InnoDB DEFAULT CHARSET=utf8;

INSERT INTO `carts` (`id`, `hash`, `user_id`, `name`, `phone`, `address`, `message`, `count`, `price`, `discount`, `created_at`) VALUES
(98,	'f2e9e50dad88',	10,	'Олександр',	'0956543211',	'Відсутня',	'Відсутнє',	2,	360,	25,	'2020-07-12 12:33:10'),
(99,	'996e248a6046',	18,	'Basil Sergius',	'1234567899',	'Комарова 6/2',	'Відсутнє',	3,	106,	6.3,	'2020-12-14 08:02:36'),
(102,	'3acc7f658ba9',	18,	'Basil Sergius',	'0668132356',	'Комарова 6/2',	'Відсутнє',	3,	388,	37.8,	'2020-07-27 19:28:22'),
(103,	'f88de97a311b',	18,	'Basil Sergius',	'0668132356',	'Комарова 6/2',	'Відсутнє',	3,	113,	0,	'2020-07-27 20:34:06'),
(140,	'c5c64de0ca51',	NULL,	'Василь',	'0668132356',	'Відсутня',	'Відсутнє',	2,	188,	0,	'2020-12-07 21:09:14'),
(141,	'5615a1776a5b',	NULL,	'Peter',	'0661234567',	'Відсутня',	'Відсутнє',	2,	159,	0,	'2020-12-13 16:00:11');

DROP TABLE IF EXISTS `categories`;
CREATE TABLE `categories` (
  `id` int NOT NULL AUTO_INCREMENT,
  `visible` int NOT NULL DEFAULT '1',
  PRIMARY KEY (`id`)
) ENGINE=InnoDB DEFAULT CHARSET=utf8;

INSERT INTO `categories` (`id`, `visible`) VALUES
(1,	1),
(2,	1),
(3,	1),
(4,	1),
(5,	1),
(6,	1),
(7,	1);

DROP TABLE IF EXISTS `category_en_details`;
CREATE TABLE `category_en_details` (
  `id` int NOT NULL AUTO_INCREMENT,
  `cat_id` int NOT NULL,
  `title` varchar(255) CHARACTER SET utf8 COLLATE utf8_general_ci NOT NULL,
  `slug` varchar(255) CHARACTER SET utf8 COLLATE utf8_general_ci NOT NULL,
  PRIMARY KEY (`id`),
  KEY `category_id` (`cat_id`),
  CONSTRAINT `category_en_details_ibfk_1` FOREIGN KEY (`cat_id`) REFERENCES `categories` (`id`) ON DELETE CASCADE
) ENGINE=InnoDB DEFAULT CHARSET=utf8;

INSERT INTO `category_en_details` (`id`, `cat_id`, `title`, `slug`) VALUES
(1,	1,	'Other',	'other'),
(2,	2,	'Fruit',	'fruit'),
(3,	3,	'Vegetables',	'vegetables'),
(4,	4,	'Grocery',	'grocery'),
(5,	5,	'Greens',	'greens'),
(6,	6,	'Dried Fruit',	'dried-fruit'),
(7,	7,	'Nuts',	'nuts');

DROP TABLE IF EXISTS `category_ua_details`;
CREATE TABLE `category_ua_details` (
  `id` int NOT NULL AUTO_INCREMENT,
  `cat_id` int NOT NULL,
  `title` varchar(255) CHARACTER SET utf8 COLLATE utf8_general_ci NOT NULL,
  `slug` varchar(255) CHARACTER SET utf8 COLLATE utf8_general_ci NOT NULL,
  PRIMARY KEY (`id`),
  KEY `category_id` (`cat_id`),
  CONSTRAINT `category_ua_details_ibfk_1` FOREIGN KEY (`cat_id`) REFERENCES `categories` (`id`) ON DELETE CASCADE
) ENGINE=InnoDB DEFAULT CHARSET=utf8;

INSERT INTO `category_ua_details` (`id`, `cat_id`, `title`, `slug`) VALUES
(1,	1,	'Інше',	'inshe'),
(2,	2,	'Фрукти',	'frukti'),
(3,	3,	'Овочі',	'ovochi'),
(4,	4,	'Бакалія',	'bakaliya'),
(5,	5,	'Зелень',	'zelen'),
(6,	6,	'Сухофрукти',	'suhofrukti'),
(7,	7,	'Горіхи',	'gorihi');

DROP TABLE IF EXISTS `discounts`;
CREATE TABLE `discounts` (
  `id` int NOT NULL AUTO_INCREMENT,
  `user_id` int NOT NULL,
  `product_id` int NOT NULL,
  `currency` float NOT NULL DEFAULT '0',
  `percent` float NOT NULL DEFAULT '0',
  PRIMARY KEY (`id`),
  UNIQUE KEY `discounts_id_uindex` (`id`)
) ENGINE=InnoDB DEFAULT CHARSET=utf8;

INSERT INTO `discounts` (`id`, `user_id`, `product_id`, `currency`, `percent`) VALUES
(20,	9,	214,	2,	1),
(24,	9,	213,	1,	1),
(27,	18,	212,	3,	10),
(28,	18,	213,	0,	10),
(29,	10,	214,	0,	0),
(30,	10,	213,	20,	0),
(31,	10,	209,	5,	0);

DROP TABLE IF EXISTS `product_en_details`;
CREATE TABLE `product_en_details` (
  `id` int NOT NULL AUTO_INCREMENT,
  `prod_id` int NOT NULL,
  `title` varchar(255) CHARACTER SET utf8 COLLATE utf8_general_ci NOT NULL,
  `slug` varchar(255) CHARACTER SET utf8 COLLATE utf8_general_ci NOT NULL,
  `img` varchar(255) CHARACTER SET utf8 COLLATE utf8_general_ci NOT NULL,
  `desc` text CHARACTER SET utf8 COLLATE utf8_general_ci NOT NULL,
  `char` text CHARACTER SET utf8 COLLATE utf8_general_ci NOT NULL,
  `unit` varchar(255) CHARACTER SET utf8 COLLATE utf8_general_ci NOT NULL,
  PRIMARY KEY (`id`),
  KEY `product_id` (`prod_id`),
  CONSTRAINT `product_en_details_ibfk_1` FOREIGN KEY (`prod_id`) REFERENCES `products` (`id`) ON DELETE CASCADE
) ENGINE=InnoDB DEFAULT CHARSET=utf8;

INSERT INTO `product_en_details` (`id`, `prod_id`, `title`, `slug`, `img`, `desc`, `char`, `unit`) VALUES
(1,	15,	'Banana',	'banana',	'banana.jpg',	'',	'{}',	'kg'),
(2,	16,	'Apple Golden',	'apple-golden',	'apple-golden.jpg',	'',	'{}',	'kg'),
(3,	18,	'Gherkin cucumber',	'gherkin-cucumber',	'gherkin-cucumber.jpg',	'',	'{}',	'kg'),
(4,	19,	'Carrots',	'carrots',	'carrots.jpg',	'',	'{}',	'kg'),
(5,	20,	'Young potatoes',	'young-potatoes',	'young-potatoes.jpg',	'',	'{}',	'kg'),
(6,	21,	'Champignon mushroom',	'champignon-mushroom',	'champignon-mushroom.jpg',	'',	'{}',	'kg'),
(7,	24,	'Parsley by weight',	'parsley-by-weight',	'parsley-by-weight.jpg',	'',	'{}',	'kg'),
(8,	25,	'Green onion (feather)',	'green-onion-feather',	'green-onion-feather.jpg',	'',	'{}',	'pcs'),
(9,	26,	'Salad Bunch',	'salad-bunch',	'salad-bunch.jpg',	'',	'{}',	'pcs'),
(11,	28,	'Grapefruit Turkey',	'grapefruit-turkey',	'grapefruit-turkey.jpg',	'',	'{}',	'kg'),
(12,	30,	'Red radish',	'red-radish',	'red-radish.jpg',	'',	'{}',	'kg'),
(13,	32,	'Tomato Cream',	'tomato-cream',	'tomato-cream.jpg',	'',	'{}',	'kg'),
(14,	36,	'Sorrel',	'sorrel',	'sorrel.jpg',	'',	'{}',	'kg'),
(15,	37,	'Dried bananaй',	'dried-bananaj',	'dried-bananaj.jpg',	'',	'{}',	'kg'),
(16,	38,	'Nuts and fruits mixture',	'nuts-and-fruits-mixture',	'nuts-and-fruits-mixture.jpg',	'',	'{}',	'kg'),
(17,	39,	'Apricot',	'apricot',	'apricot.jpg',	'',	'{}',	'kg'),
(18,	40,	'Avocado',	'avocado',	'avocado.jpg',	'',	'{}',	'pcs'),
(19,	41,	'Avocado Haas',	'avocado-haas',	'avocado-haas.jpg',	'',	'{}',	'pcs'),
(20,	42,	'Quince',	'quince',	'quince.jpg',	'',	'{}',	'kg'),
(21,	43,	'Amaranth',	'amaranth',	'amaranth.jpg',	'',	'{}',	'kg'),
(22,	44,	'Pineapple caliber 10',	'pineapple-caliber-10',	'pineapple-caliber-10.jpg',	'',	'{}',	'kg'),
(23,	45,	'Pineapple caliber 6',	'pineapple-caliber-6',	'pineapple-caliber-6.jpg',	'',	'{}',	'kg'),
(24,	46,	'Pineapple ring',	'pineapple-ring',	'pineapple-ring.jpg',	'',	'{}',	'kg'),
(25,	47,	'Royal Pineapple',	'royal-pineapple',	'royal-pineapple.jpg',	'',	'{}',	'kg'),
(26,	48,	'Orange',	'orange',	'orange.jpg',	'',	'{}',	'kg'),
(27,	49,	'Pomegranate orange',	'pomegranate-orange',	'pomegranate-orange.jpg',	'',	'{}',	'kg'),
(28,	50,	'Orange Spain',	'orange-spain',	'orange-spain.jpg',	'',	'{}',	'kg'),
(29,	51,	'Orange Sicily',	'orange-sicily',	'orange-sicily.jpg',	'',	'{}',	'kg'),
(30,	52,	'Orange mesh',	'orange-mesh',	'orange-mesh.jpg',	'',	'{}',	'kg'),
(31,	53,	'Peanut Blanche',	'peanut-blanche',	'peanut-blanche.jpg',	'',	'{}',	'kg'),
(32,	54,	'Peanuts in icing',	'peanuts-in-icing',	'peanuts-in-icing.jpg',	'',	'{}',	'kg'),
(33,	55,	'Peanuts in shell',	'peanuts-in-shell',	'peanuts-in-shell.jpg',	'',	'{}',	'kg'),
(34,	56,	'Raw peanuts Java',	'raw-peanuts-java',	'raw-peanuts-java.jpg',	'',	'{}',	'kg'),
(35,	57,	'Roasted peanuts Java',	'roasted-peanuts-java',	'roasted-peanuts-java.jpg',	'',	'{}',	'kg'),
(36,	58,	'Salted peanuts',	'salted-peanuts',	'salted-peanuts.jpg',	'',	'{}',	'kg'),
(37,	59,	'Assorted Nut',	'assorted-nut',	'assorted-nut.jpg',	'',	'{}',	'kg'),
(38,	60,	'Star anise',	'star-anise',	'star-anise.jpg',	'',	'{}',	'kg'),
(39,	61,	'Basil',	'basil',	'basil.jpg',	'',	'{}',	'kg'),
(40,	62,	'Eggplant import',	'eggplant-import',	'eggplant-import.jpg',	'',	'{}',	'kg'),
(41,	63,	'Banana chips',	'banana-chips',	'banana-chips.jpg',	'',	'{}',	'kg'),
(42,	64,	'Batata',	'batata',	'batata.jpg',	'',	'{}',	'kg'),
(43,	65,	'Flour',	'flour',	'flour.jpg',	'',	'{}',	'kg'),
(44,	66,	'Young beets',	'young-beets',	'young-beets.jpg',	'',	'{}',	'kg'),
(45,	67,	'Old beets',	'old-beets',	'old-beets.jpg',	'',	'{}',	'kg'),
(46,	68,	'White grapes',	'white-grapes',	'white-grapes.jpg',	'',	'{}',	'kg'),
(47,	69,	'Kish-Mish grapes',	'kish-mish-grapes',	'kish-mish-grapes.jpg',	'',	'{}',	'kg'),
(48,	70,	'Pink grapes',	'pink-grapes',	'pink-grapes.jpg',	'',	'{}',	'kg'),
(49,	71,	'Dark grapes',	'dark-grapes',	'dark-grapes.jpg',	'',	'{}',	'kg'),
(50,	72,	'Dried cherries',	'dried-cherries',	'dried-cherries.jpg',	'',	'{}',	'kg'),
(51,	73,	'Blueberry',	'blueberry',	'blueberry.jpg',	'',	'{}',	'kg'),
(52,	74,	'Pine nut',	'pine-nut',	'pine-nut.jpg',	'',	'{}',	'kg'),
(53,	75,	'Garnet',	'garnet',	'garnet.jpg',	'',	'{}',	'kg'),
(54,	76,	'Grapefruit',	'grapefruit',	'grapefruit.jpg',	'',	'{}',	'kg'),
(55,	77,	'Walnut',	'walnut',	'walnut.jpg',	'',	'{}',	'kg'),
(56,	78,	'Pear',	'pear',	'pear.jpg',	'',	'{}',	'kg'),
(57,	79,	'Daikon',	'daikon',	'daikon.jpg',	'',	'{}',	'kg'),
(58,	80,	'Melon',	'melon',	'melon.jpg',	'',	'{}',	'kg'),
(59,	81,	'Dried melon',	'dried-melon',	'dried-melon.jpg',	'',	'{}',	'kg'),
(60,	82,	'Cranberry',	'cranberry',	'cranberry.jpg',	'',	'{}',	'kg'),
(61,	83,	'Golden raisins',	'golden-raisins',	'golden-raisins.jpg',	'',	'{}',	'kg'),
(62,	84,	'Blue raisins',	'blue-raisins',	'blue-raisins.jpg',	'',	'{}',	'kg'),
(63,	85,	'Dark raisins',	'dark-raisins',	'dark-raisins.jpg',	'',	'{}',	'kg'),
(64,	86,	'Ginger',	'ginger',	'ginger.jpg',	'',	'{}',	'kg'),
(65,	87,	'Ginger Candied',	'ginger-candied',	'ginger-candied.jpg',	'',	'{}',	'kg'),
(66,	88,	'Fig',	'fig',	'fig.jpg',	'',	'{}',	'kg'),
(67,	89,	'Dried figs',	'dried-figs',	'dried-figs.jpg',	'',	'{}',	'kg'),
(68,	90,	'Zucchini',	'zucchini',	'zucchini.jpg',	'',	'{}',	'kg'),
(69,	91,	'Watermelon',	'watermelon',	'watermelon.jpg',	'',	'{}',	'kg'),
(70,	92,	'Cabbage import',	'cabbage-import',	'cabbage-import.jpg',	'',	'{}',	'kg'),
(71,	93,	'White cabbage',	'white-cabbage',	'white-cabbage.jpg',	'',	'{}',	'kg'),
(72,	94,	'Broccoli',	'broccoli',	'broccoli.jpg',	'',	'{}',	'kg'),
(73,	95,	'Sauerkraut',	'sauerkraut',	'sauerkraut.jpg',	'',	'{}',	'kg'),
(74,	96,	'Young cabbage',	'young-cabbage',	'young-cabbage.jpg',	'',	'{}',	'kg'),
(75,	97,	'Chinese cabbage',	'chinese-cabbage',	'chinese-cabbage.jpg',	'',	'{}',	'kg'),
(76,	98,	'Blue cabbage',	'blue-cabbage',	'blue-cabbage.jpg',	'',	'{}',	'kg'),
(77,	99,	'Cauliflower',	'cauliflower',	'cauliflower.jpg',	'',	'{}',	'kg'),
(78,	100,	'Potato',	'potato',	'potato.jpg',	'',	'{}',	'kg'),
(79,	101,	'Young potatoes',	'young-potatoes',	'young-potatoes.jpg',	'',	'{}',	'kg'),
(80,	102,	'Bean',	'bean',	'bean.jpg',	'',	'{}',	'kg'),
(81,	103,	'Cashew',	'cashew',	'cashew.jpg',	'',	'{}',	'kg'),
(82,	104,	'Kiwi',	'kiwi',	'kiwi.jpg',	'',	'{}',	'kg'),
(83,	105,	'Candied kiwi',	'candied-kiwi',	'candied-kiwi.jpg',	'',	'{}',	'kg'),
(84,	106,	'Cilantro',	'cilantro',	'cilantro.jpg',	'',	'{}',	'kg'),
(85,	107,	'Kozinaki',	'kozinaki',	'kozinaki.jpg',	'',	'{}',	'kg'),
(86,	108,	'Coconut',	'coconut',	'coconut.jpg',	'',	'{}',	'kg'),
(87,	109,	'Coconut shavings',	'coconut-shavings',	'coconut-shavings.jpg',	'',	'{}',	'kg'),
(88,	110,	'Cinnamon stick',	'cinnamon-stick',	'cinnamon-stick.jpg',	'',	'{}',	'kg'),
(89,	111,	'Celery root',	'celery-root',	'celery-root.jpg',	'',	'{}',	'kg'),
(90,	112,	'Kinglet',	'kinglet',	'kinglet.jpg',	'',	'{}',	'kg'),
(91,	113,	'King of Spain',	'king-of-spain',	'king-of-spain.jpg',	'',	'{}',	'kg'),
(92,	114,	'Dill by weight',	'dill-by-weight',	'dill-by-weight.jpg',	'',	'{}',	'kg'),
(93,	115,	'Dill bunch',	'dill-bunch',	'dill-bunch.jpg',	'',	'{}',	'pcs'),
(94,	116,	'Corn with taste',	'corn-with-taste',	'corn-with-taste.jpg',	'',	'{}',	'kg'),
(95,	117,	'Kumquat',	'kumquat',	'kumquat.jpg',	'',	'{}',	'kg'),
(96,	118,	'Sesame',	'sesame',	'sesame.jpg',	'',	'{}',	'kg'),
(97,	119,	'Dried apricots 1 grade',	'dried-apricots-1-grade',	'dried-apricots-1-grade.jpg',	'',	'{}',	'kg'),
(98,	120,	'Dried apricots',	'dried-apricots',	'dried-apricots.jpg',	'',	'{}',	'kg'),
(99,	121,	'Dried apricots heart',	'dried-apricots-heart',	'dried-apricots-heart.jpg',	'',	'{}',	'kg'),
(100,	122,	'Lime',	'lime',	'lime.jpg',	'',	'{}',	'kg'),
(101,	123,	'Lemon',	'lemon',	'lemon.jpg',	'',	'{}',	'kg'),
(102,	124,	'Poppy',	'poppy',	'poppy.jpg',	'',	'{}',	'kg'),
(103,	125,	'Raspberry',	'raspberry',	'raspberry.jpg',	'',	'{}',	'kg'),
(104,	126,	'Mango',	'mango',	'mango.jpg',	'',	'{}',	'kg'),
(105,	127,	'Royal mango',	'royal-mango',	'royal-mango.jpg',	'',	'{}',	'kg'),
(106,	128,	'Candied mango',	'candied-mango',	'candied-mango.jpg',	'',	'{}',	'kg'),
(107,	129,	'Chard',	'chard',	'chard.jpg',	'',	'{}',	'kg'),
(108,	130,	'Mandarin elite',	'mandarin-elite',	'mandarin-elite.jpg',	'',	'{}',	'kg'),
(109,	131,	'Mandarin Spain',	'mandarin-spain',	'mandarin-spain.jpg',	'',	'{}',	'kg'),
(110,	132,	'Mandarin Italy',	'mandarin-italy',	'mandarin-italy.jpg',	'',	'{}',	'kg'),
(111,	133,	'Mandarin Turkey',	'mandarin-turkey',	'mandarin-turkey.jpg',	'',	'{}',	'kg'),
(112,	134,	'Golden almonds',	'golden-almonds',	'golden-almonds.jpg',	'',	'{}',	'kg'),
(113,	135,	'Microgreen peas',	'microgreen-peas',	'microgreen-peas.jpg',	'',	'{}',	'pcs'),
(114,	136,	'Microgreen lucerne',	'microgreen-lucerne',	'microgreen-lucerne.jpg',	'',	'{}',	'pcs'),
(115,	137,	'Microgreen pumpkin',	'microgreen-pumpkin',	'microgreen-pumpkin.jpg',	'',	'{}',	'pcs'),
(116,	138,	'Microgreen radish',	'microgreen-radish',	'microgreen-radish.jpg',	'',	'{}',	'pcs'),
(117,	139,	'Microgreen onion',	'microgreen-onion',	'microgreen-onion.jpg',	'',	'{}',	'pcs'),
(118,	140,	'Abaco carrots',	'abaco-carrots',	'abaco-carrots.jpg',	'',	'{}',	'kg'),
(119,	141,	'Mint',	'mint',	'mint.jpg',	'',	'{}',	'kg'),
(120,	142,	'Pumpkin seeds',	'pumpkin-seeds',	'pumpkin-seeds.jpg',	'',	'{}',	'kg'),
(121,	143,	'Chia seeds',	'chia-seeds',	'chia-seeds.jpg',	'',	'{}',	'kg'),
(122,	144,	'Chickpeas',	'chickpeas',	'chickpeas.jpg',	'',	'{}',	'kg'),
(123,	145,	'Smooth cucumber',	'smooth-cucumber',	'smooth-cucumber.jpg',	'',	'{}',	'kg'),
(124,	146,	'Pickled cucumber',	'pickled-cucumber',	'pickled-cucumber.jpg',	'',	'{}',	'kg'),
(125,	147,	'Prickly cucumber',	'prickly-cucumber',	'prickly-cucumber.jpg',	'',	'{}',	'kg'),
(126,	148,	'Pomelo',	'pomelo',	'pomelo.jpg',	'',	'{}',	'kg'),
(127,	149,	'Papaya',	'papaya',	'papaya.jpg',	'',	'{}',	'kg'),
(128,	150,	'Ground paprika',	'ground-paprika',	'ground-paprika.jpg',	'',	'{}',	'kg'),
(129,	151,	'Baklava',	'baklava',	'baklava.jpg',	'',	'{}',	'kg'),
(130,	152,	'White Star pepper',	'white-star-pepper',	'white-star-pepper.jpg',	'',	'{}',	'kg'),
(131,	153,	'Paprika',	'paprika',	'paprika.jpg',	'',	'{}',	'kg'),
(132,	154,	'Bulgarian Yellow Pepper',	'bulgarian-yellow-pepper',	'bulgarian-yellow-pepper.jpg',	'',	'{}',	'kg'),
(133,	155,	'Cappi pepper',	'cappi-pepper',	'cappi-pepper.jpg',	'',	'{}',	'kg'),
(134,	156,	'Chili pepper',	'chili-pepper',	'chili-pepper.jpg',	'',	'{}',	'kg'),
(135,	157,	'Peach',	'peach',	'peach.jpg',	'',	'{}',	'kg'),
(136,	158,	'Parsley curly',	'parsley-curly',	'parsley-curly.jpg',	'',	'{}',	'kg'),
(137,	159,	'Parsley',	'parsley',	'parsley.jpg',	'',	'{}',	'pcs'),
(138,	160,	'Pitahaya white',	'pitahaya-white',	'pitahaya-white.jpg',	'',	'{}',	'kg'),
(139,	161,	'Pitahaya red',	'pitahaya-red',	'pitahaya-red.jpg',	'',	'{}',	'kg'),
(140,	162,	'Strawberry',	'strawberry',	'strawberry.jpg',	'',	'{}',	'kg'),
(141,	163,	'Tomato',	'tomato',	'tomato.jpg',	'',	'{}',	'kg'),
(142,	164,	'Tomato cocktail',	'tomato-cocktail',	'tomato-cocktail.jpg',	'',	'{}',	'kg'),
(143,	165,	'Pink tomato',	'pink-tomato',	'pink-tomato.jpg',	'',	'{}',	'kg'),
(144,	166,	'Cherry tomato',	'cherry-tomato',	'cherry-tomato.jpg',	'',	'{}',	'kg'),
(145,	167,	'Leek',	'leek',	'leek.jpg',	'',	'{}',	'kg'),
(146,	168,	'Red currants',	'red-currants',	'red-currants.jpg',	'',	'{}',	'kg'),
(147,	169,	'Radicio salad',	'radicio-salad',	'radicio-salad.jpg',	'',	'{}',	'kg'),
(148,	170,	'Radish',	'radish',	'radish.jpg',	'',	'{}',	'kg'),
(149,	171,	'Rosemary',	'rosemary',	'rosemary.jpg',	'',	'{}',	'kg'),
(150,	172,	'Arugula',	'arugula',	'arugula.jpg',	'',	'{}',	'kg'),
(151,	173,	'Arugula bunch',	'arugula-bunch',	'arugula-bunch.jpg',	'',	'{}',	'pcs'),
(152,	174,	'Iceberg lettuce',	'iceberg-lettuce',	'iceberg-lettuce.jpg',	'',	'{}',	'kg'),
(153,	175,	'Bionda salad',	'bionda-salad',	'bionda-salad.jpg',	'',	'{}',	'kg'),
(154,	176,	'Salad Mix',	'salad-mix',	'salad-mix.jpg',	'',	'{}',	'kg'),
(155,	177,	'Romain salad',	'romain-salad',	'romain-salad.jpg',	'',	'{}',	'kg'),
(156,	178,	'Rosso salad',	'rosso-salad',	'rosso-salad.jpg',	'',	'{}',	'kg'),
(157,	179,	'The world',	'the-world',	'the-world.jpg',	'',	'{}',	'kg'),
(158,	180,	'Celery stalk',	'celery-stalk',	'celery-stalk.jpg',	'',	'{}',	'kg'),
(159,	181,	'Dried fruits mixture',	'dried-fruits-mixture',	'dried-fruits-mixture.jpg',	'',	'{}',	'kg'),
(160,	182,	'Drying',	'drying',	'drying.jpg',	'',	'{}',	'kg'),
(161,	183,	'Drying Uzbek',	'drying-uzbek',	'drying-uzbek.jpg',	'',	'{}',	'kg'),
(162,	184,	'Pumpkin',	'pumpkin',	'pumpkin.jpg',	'',	'{}',	'kg'),
(163,	185,	'Cumin',	'cumin',	'cumin.jpg',	'',	'{}',	'kg'),
(164,	186,	'Dried apricots',	'dried-apricots',	'dried-apricots.jpg',	'',	'{}',	'kg'),
(165,	187,	'Date',	'date',	'date.jpg',	'',	'{}',	'kg'),
(166,	188,	'Honey date',	'honey-date',	'honey-date.jpg',	'',	'{}',	'kg'),
(167,	190,	'Pistachios',	'pistachios',	'pistachios.jpg',	'',	'{}',	'kg'),
(168,	191,	'Frieze salad',	'frieze-salad',	'frieze-salad.jpg',	'',	'{}',	'kg'),
(169,	192,	'Hazelnut chish',	'hazelnut-chish',	'hazelnut-chish.jpg',	'',	'{}',	'kg'),
(170,	193,	'Halva',	'halva',	'halva.jpg',	'',	'{}',	'kg'),
(171,	194,	'Halva Uzbek',	'halva-uzbek',	'halva-uzbek.jpg',	'',	'{}',	'kg'),
(172,	195,	'Onion',	'onion',	'onion.jpg',	'',	'{}',	'kg'),
(173,	196,	'Onion White',	'onion-white',	'onion-white.jpg',	'',	'{}',	'kg'),
(174,	197,	'Onion Mars',	'onion-mars',	'onion-mars.jpg',	'',	'{}',	'kg'),
(175,	198,	'Candied Cube Mix',	'candied-cube-mix',	'candied-cube-mix.jpg',	'',	'{}',	'kg'),
(176,	199,	'Candied Cube Mix Baby',	'candied-cube-mix-baby',	'candied-cube-mix-baby.jpg',	'',	'{}',	'kg'),
(177,	200,	'Candied Pomelo',	'candied-pomelo',	'candied-pomelo.jpg',	'',	'{}',	'kg'),
(178,	201,	'Candied Papaya',	'candied-papaya',	'candied-papaya.jpg',	'',	'{}',	'kg'),
(179,	202,	'Sugar',	'sugar',	'sugar.jpg',	'',	'{}',	'kg'),
(180,	203,	'Garlic',	'garlic',	'garlic.jpg',	'',	'{}',	'kg'),
(181,	204,	'Garlic import',	'garlic-import',	'garlic-import.jpg',	'',	'{}',	'kg'),
(182,	205,	'Lentil',	'lentil',	'lentil.jpg',	'',	'{}',	'kg'),
(183,	206,	'Lentil Red',	'lentil-red',	'lentil-red.jpg',	'',	'{}',	'kg'),
(184,	207,	'Lentil Polished',	'lentil-polished',	'lentil-polished.jpg',	'',	'{}',	'kg'),
(185,	208,	'Prunes',	'prunes',	'prunes.jpg',	'',	'{}',	'kg'),
(186,	209,	'Spinach',	'spinach',	'spinach.jpg',	'',	'{}',	'kg'),
(187,	210,	'Spinach bunch',	'spinach-bunch',	'spinach-bunch.jpg',	'',	'{}',	'pcs'),
(188,	211,	'Apple Domestic',	'apple-domestic',	'apple-domestic.jpg',	'',	'{}',	'kg'),
(189,	212,	'Apple Red',	'apple-red',	'apple-red.jpg',	'',	'{}',	'kg'),
(190,	213,	'Goji berries',	'goji-berries',	'goji-berries.jpg',	'<p>Goji berries have an oblong shape and red color. They contain zinc, iodine, selenium, iron, calcium, phosphorus, potassium, germanium, magnesium, copper, cobalt, vitamins A, C, B1, B2, B6, B9, E. That is, due to the wide range of essential trace elements and vitamins goji berries increase tone, give a charge of energy, normalize the nervous system, improve vision, increase hemoglobin in the blood.</p><p>Linoleic acid, found in goji berries, burns fat, so nutritionists often add them to their diet. These fruits maintain the balance of intestinal microflora, cleanse the liver, remove excess fluid from the body.</p><p>Because the products contain Omega-6, Omega-3 and LBP polysaccharides, goji normalizes the hormonal background and has an antioxidant effect, maintaining the youth of cells and stimulating their renewal.</p>',	'{}',	'kg'),
(191,	214,	'Sunflower kernel',	'sunflower-kernel',	'sunflower-kernel.jpg',	'[\"Антиоксиданти. У зернах із соняшнику міститься велика кількість вітаміну Е. Саме цей компонент відповідає за здорову шкіру, слизову оболонку порожнини рота, захищає клітини організму.\",\"В насінні міститься достатня кількість кислот, що мають антиокислювальні властивості. Вдосталь у зернах знаходиться амінокислоти аргініну. Саме цей компонент здатний підтримати серцево-судинну систему, зменшує відсоток виникнення тромбозу вен.\",\"Фітостероли, які містяться в насінні, вбирають у себе холестерин, тим самим зменшують його кількість в організмі.\"]',	'{\"Умови зберігання\": \"температура 0 до +10; вологість до 70%\", \"Термін зберігання\": \"7 місяців\", \"Калорійність (на 100г)\": \"600 ккал\"}',	'kg');

DROP TABLE IF EXISTS `product_ua_details`;
CREATE TABLE `product_ua_details` (
  `id` int NOT NULL AUTO_INCREMENT,
  `prod_id` int NOT NULL,
  `title` varchar(255) CHARACTER SET utf8 COLLATE utf8_general_ci NOT NULL,
  `slug` varchar(255) CHARACTER SET utf8 COLLATE utf8_general_ci NOT NULL,
  `img` varchar(255) CHARACTER SET utf8 COLLATE utf8_general_ci NOT NULL,
  `desc` text CHARACTER SET utf8 COLLATE utf8_general_ci NOT NULL,
  `char` text CHARACTER SET utf8 COLLATE utf8_general_ci NOT NULL,
  `unit` varchar(255) CHARACTER SET utf8 COLLATE utf8_general_ci NOT NULL,
  PRIMARY KEY (`id`),
  KEY `product_id` (`prod_id`),
  CONSTRAINT `product_ua_details_ibfk_1` FOREIGN KEY (`prod_id`) REFERENCES `products` (`id`) ON DELETE CASCADE,
  CONSTRAINT `product_ua_details_ibfk_2` FOREIGN KEY (`prod_id`) REFERENCES `products` (`id`) ON DELETE CASCADE,
  CONSTRAINT `product_ua_details_ibfk_3` FOREIGN KEY (`prod_id`) REFERENCES `products` (`id`) ON DELETE CASCADE,
  CONSTRAINT `product_ua_details_ibfk_4` FOREIGN KEY (`prod_id`) REFERENCES `products` (`id`) ON DELETE CASCADE
) ENGINE=InnoDB DEFAULT CHARSET=utf8;

INSERT INTO `product_ua_details` (`id`, `prod_id`, `title`, `slug`, `img`, `desc`, `char`, `unit`) VALUES
(664,	15,	'Банан',	'banan',	'banan.jpg',	'',	'{}',	'кг'),
(665,	16,	'Яблуко Голден',	'yabluko-golden',	'yabluko-golden.jpg',	'',	'{}',	'кг'),
(666,	18,	'Огірок корнішон',	'ogirok-kornishon',	'ogirok-kornishon.jpg',	'',	'{}',	'кг'),
(667,	19,	'Морква',	'morkva',	'morkva.jpg',	'',	'{}',	'кг'),
(668,	20,	'Картопля молода',	'kartoplya-moloda',	'kartoplya-moloda.jpg',	'',	'{}',	'кг'),
(669,	21,	'Гриб Шампіньйон',	'grib-shampinjon',	'grib-shampinjon.jpg',	'',	'{}',	'кг'),
(670,	24,	'Петрушка вагова',	'petrushka-vagova',	'petrushka-vagova.jpg',	'',	'{}',	'кг'),
(671,	25,	'Зелена цибуля (перо)',	'zelena-cibulya-pero',	'zelena-cibulya-pero.jpg',	'',	'{}',	'шт'),
(672,	26,	'Салат Пучок',	'salat-puchok',	'salat-puchok.jpg',	'',	'{}',	'шт'),
(674,	28,	'Грейпфрут Туреччина',	'grejpfrut-turechchina',	'grejpfrut-turechchina.jpg',	'',	'{}',	'кг'),
(675,	30,	'Редис червоний',	'redis-chervonij',	'redis-chervonij.jpg',	'',	'{}',	'кг'),
(676,	32,	'Томат Сливка',	'tomat-slivka',	'tomat-slivka.jpg',	'',	'{}',	'кг'),
(677,	36,	'Щавель',	'shavel',	'shavel.jpg',	'',	'{}',	'кг'),
(678,	37,	'Банан в\'ялений',	'banan-v-yalenij',	'banan-v-yalenij.jpg',	'',	'{}',	'кг'),
(679,	38,	'Суміш горіхів з фруктами',	'sumish-gorihiv-z-fruktami',	'sumish-gorihiv-z-fruktami.jpg',	'',	'{}',	'кг'),
(680,	39,	'Абрикос',	'abrikos',	'abrikos.jpg',	'',	'{}',	'кг'),
(681,	40,	'Авокадо',	'avokado',	'avokado.jpg',	'',	'{}',	'шт'),
(682,	41,	'Авокадо Хаас',	'avokado-haas',	'avokado-haas.jpg',	'',	'{}',	'шт'),
(683,	42,	'Айва',	'ajva',	'ajva.jpg',	'',	'{}',	'кг'),
(684,	43,	'Амарант',	'amarant',	'amarant.jpg',	'',	'{}',	'кг'),
(685,	44,	'Ананас калібр 10',	'ananas-kalibr-10',	'ananas-kalibr-10.jpg',	'',	'{}',	'кг'),
(686,	45,	'Ананас калібр 6',	'ananas-kalibr-6',	'ananas-kalibr-6.jpg',	'',	'{}',	'кг'),
(687,	46,	'Ананас кільце',	'ananas-kilce',	'ananas-kilce.jpg',	'',	'{}',	'кг'),
(688,	47,	'Ананас Королівський',	'ananas-korolivskij',	'ananas-korolivskij.jpg',	'',	'{}',	'кг'),
(689,	48,	'Апельсин',	'apelsin',	'apelsin.jpg',	'',	'{}',	'кг'),
(690,	49,	'Апельсин гранатовий',	'apelsin-granatovij',	'apelsin-granatovij.jpg',	'',	'{}',	'кг'),
(691,	50,	'Апельсин Іспанія',	'apelsin-ispaniya',	'apelsin-ispaniya.jpg',	'',	'{}',	'кг'),
(692,	51,	'Апельсин Сицилія',	'apelsin-siciliya',	'apelsin-siciliya.jpg',	'',	'{}',	'кг'),
(693,	52,	'Апельсин сітка',	'apelsin-sitka',	'apelsin-sitka.jpg',	'',	'{}',	'кг'),
(694,	53,	'Арахіс Бланш',	'arahis-blansh',	'arahis-blansh.jpg',	'',	'{}',	'кг'),
(695,	54,	'Арахіс в глазурі',	'arahis-v-glazuri',	'arahis-v-glazuri.jpg',	'',	'{}',	'кг'),
(696,	55,	'Арахіс в шкаралупі',	'arahis-v-shkaralupi',	'arahis-v-shkaralupi.jpg',	'',	'{}',	'кг'),
(697,	56,	'Арахіс сирий Ява',	'arahis-sirij-yava',	'arahis-sirij-yava.jpg',	'',	'{}',	'кг'),
(698,	57,	'Арахіс смажений Ява',	'arahis-smazhenij-yava',	'arahis-smazhenij-yava.jpg',	'',	'{}',	'кг'),
(699,	58,	'Арахіс солений',	'arahis-solenij',	'arahis-solenij.jpg',	'',	'{}',	'кг'),
(700,	59,	'Асорті Горіхове',	'asorti-gorihove',	'asorti-gorihove.jpg',	'',	'{}',	'кг'),
(701,	60,	'Бадьян',	'badyan',	'badyan.jpg',	'',	'{}',	'кг'),
(702,	61,	'Базилік',	'bazilik',	'bazilik.jpg',	'',	'{}',	'кг'),
(703,	62,	'Баклажан імпорт',	'baklazhan-import',	'baklazhan-import.jpg',	'',	'{}',	'кг'),
(704,	63,	'Бананові чіпси',	'bananovi-chipsi',	'bananovi-chipsi.jpg',	'',	'{}',	'кг'),
(705,	64,	'Батат',	'batat',	'batat.jpg',	'',	'{}',	'кг'),
(706,	65,	'Борошно',	'boroshno',	'boroshno.jpg',	'',	'{}',	'кг'),
(707,	66,	'Буряк молодий',	'buryak-molodij',	'buryak-molodij.jpg',	'',	'{}',	'кг'),
(708,	67,	'Буряк старий',	'buryak-starij',	'buryak-starij.jpg',	'',	'{}',	'кг'),
(709,	68,	'Виноград білий',	'vinograd-bilij',	'vinograd-bilij.jpg',	'',	'{}',	'кг'),
(710,	69,	'Виноград Киш-Миш',	'vinograd-kish-mish',	'vinograd-kish-mish.jpg',	'',	'{}',	'кг'),
(711,	70,	'Виноград Рожевий',	'vinograd-rozhevij',	'vinograd-rozhevij.jpg',	'',	'{}',	'кг'),
(712,	71,	'Виноград Темний',	'vinograd-temnij',	'vinograd-temnij.jpg',	'',	'{}',	'кг'),
(713,	72,	'Вишня вялена',	'vishnya-vyalena',	'vishnya-vyalena.jpg',	'',	'{}',	'кг'),
(714,	73,	'Лохина',	'lohina',	'lohina.jpg',	'',	'{}',	'кг'),
(715,	74,	'Горіх Кедровий',	'gorih-kedrovij',	'gorih-kedrovij.jpg',	'',	'{}',	'кг'),
(716,	75,	'Гранат',	'granat',	'granat.jpg',	'',	'{}',	'кг'),
(717,	76,	'Грейпфрут',	'grejpfrut',	'grejpfrut.jpg',	'',	'{}',	'кг'),
(718,	77,	'Грецький горіх',	'greckij-gorih',	'greckij-gorih.jpg',	'',	'{}',	'кг'),
(719,	78,	'Груша',	'grusha',	'grusha.jpg',	'',	'{}',	'кг'),
(720,	79,	'Дайкон',	'dajkon',	'dajkon.jpg',	'',	'{}',	'кг'),
(721,	80,	'Диня',	'dinya',	'dinya.jpg',	'',	'{}',	'кг'),
(722,	81,	'Диня сушена',	'dinya-sushena',	'dinya-sushena.jpg',	'',	'{}',	'кг'),
(723,	82,	'Журавлина',	'zhuravlina',	'zhuravlina.jpg',	'',	'{}',	'кг'),
(724,	83,	'Ізюм золотий',	'izyum-zolotij',	'izyum-zolotij.jpg',	'',	'{}',	'кг'),
(725,	84,	'Ізюм синій',	'izyum-sinij',	'izyum-sinij.jpg',	'',	'{}',	'кг'),
(726,	85,	'Ізюм темний',	'izyum-temnij',	'izyum-temnij.jpg',	'',	'{}',	'кг'),
(727,	86,	'Імбир',	'imbir',	'imbir.jpg',	'',	'{}',	'кг'),
(728,	87,	'Імбірь Цукат',	'imbir-cukat',	'imbir-cukat.jpg',	'',	'{}',	'кг'),
(729,	88,	'Інжир',	'inzhir',	'inzhir.jpg',	'',	'{}',	'кг'),
(730,	89,	'Інжир сушений',	'inzhir-sushenij',	'inzhir-sushenij.jpg',	'',	'{}',	'кг'),
(731,	90,	'Кабачок',	'kabachok',	'kabachok.jpg',	'',	'{}',	'кг'),
(732,	91,	'Кавун',	'kavun',	'kavun.jpg',	'',	'{}',	'кг'),
(733,	92,	'Капуста імпорт',	'kapusta-import',	'kapusta-import.jpg',	'',	'{}',	'кг'),
(734,	93,	'Капуста Білокачанна',	'kapusta-bilokachanna',	'kapusta-bilokachanna.jpg',	'',	'{}',	'кг'),
(735,	94,	'Капуста Брокколі',	'kapusta-brokkoli',	'kapusta-brokkoli.jpg',	'',	'{}',	'кг'),
(736,	95,	'Капуста квашена',	'kapusta-kvashena',	'kapusta-kvashena.jpg',	'',	'{}',	'кг'),
(737,	96,	'Капуста Молода',	'kapusta-moloda',	'kapusta-moloda.jpg',	'',	'{}',	'кг'),
(738,	97,	'Капуста Пекінська',	'kapusta-pekinska',	'kapusta-pekinska.jpg',	'',	'{}',	'кг'),
(739,	98,	'Капуста Синя',	'kapusta-sinya',	'kapusta-sinya.jpg',	'',	'{}',	'кг'),
(740,	99,	'Капуста Цвітна',	'kapusta-cvitna',	'kapusta-cvitna.jpg',	'',	'{}',	'кг'),
(741,	100,	'Картопля',	'kartoplya',	'kartoplya.jpg',	'',	'{}',	'кг'),
(742,	101,	'Картопля молода',	'kartoplya-moloda',	'kartoplya-moloda.jpg',	'',	'{}',	'кг'),
(743,	102,	'Квасоля',	'kvasolya',	'kvasolya.jpg',	'',	'{}',	'кг'),
(744,	103,	'Кеш\'ю',	'kesh-yu',	'kesh-yu.jpg',	'',	'{}',	'кг'),
(745,	104,	'Ківі',	'kivi',	'kivi.jpg',	'',	'{}',	'кг'),
(746,	105,	'Ківі цукат',	'kivi-cukat',	'kivi-cukat.jpg',	'',	'{}',	'кг'),
(747,	106,	'Кінза',	'kinza',	'kinza.jpg',	'',	'{}',	'кг'),
(748,	107,	'Козинакі',	'kozinaki',	'kozinaki.jpg',	'',	'{}',	'кг'),
(749,	108,	'Кокос',	'kokos',	'kokos.jpg',	'',	'{}',	'кг'),
(750,	109,	'Кокосова стружка',	'kokosova-struzhka',	'kokosova-struzhka.jpg',	'',	'{}',	'кг'),
(751,	110,	'Корицева паличка',	'koriceva-palichka',	'koriceva-palichka.jpg',	'',	'{}',	'кг'),
(752,	111,	'Корінь Селери',	'korin-seleri',	'korin-seleri.jpg',	'',	'{}',	'кг'),
(753,	112,	'Корольок',	'korolok',	'korolok.jpg',	'',	'{}',	'кг'),
(754,	113,	'Корольок Іспанія',	'korolok-ispaniya',	'korolok-ispaniya.jpg',	'',	'{}',	'кг'),
(755,	114,	'Кріп ваговий',	'krip-vagovij',	'krip-vagovij.jpg',	'',	'{}',	'кг'),
(756,	115,	'Кріп пучок',	'krip-puchok',	'krip-puchok.jpg',	'',	'{}',	'шт'),
(757,	116,	'Кукуруза зі смаком',	'kukuruza-zi-smakom',	'kukuruza-zi-smakom.jpg',	'',	'{}',	'кг'),
(758,	117,	'Кумкват',	'kumkvat',	'kumkvat.jpg',	'',	'{}',	'кг'),
(759,	118,	'Кунжут',	'kunzhut',	'kunzhut.jpg',	'',	'{}',	'кг'),
(760,	119,	'Курага 1 сорт',	'kuraga-1-sort',	'kuraga-1-sort.jpg',	'',	'{}',	'кг'),
(761,	120,	'Курага джамбо',	'kuraga-dzhambo',	'kuraga-dzhambo.jpg',	'',	'{}',	'кг'),
(762,	121,	'Курага сердечко',	'kuraga-serdechko',	'kuraga-serdechko.jpg',	'',	'{}',	'кг'),
(763,	122,	'Лайм',	'lajm',	'lajm.jpg',	'',	'{}',	'кг'),
(764,	123,	'Лимон',	'limon',	'limon.jpg',	'',	'{}',	'кг'),
(765,	124,	'Мак',	'mak',	'mak.jpg',	'',	'{}',	'кг'),
(766,	125,	'Малина',	'malina',	'malina.jpg',	'',	'{}',	'кг'),
(767,	126,	'Манго',	'mango',	'mango.jpg',	'',	'{}',	'кг'),
(768,	127,	'Манго королівське',	'mango-korolivske',	'mango-korolivske.jpg',	'',	'{}',	'кг'),
(769,	128,	'Манго Цукат',	'mango-cukat',	'mango-cukat.jpg',	'',	'{}',	'кг'),
(770,	129,	'Мангольд',	'mangold',	'mangold.jpg',	'',	'{}',	'кг'),
(771,	130,	'Мандарин еліт',	'mandarin-elit',	'mandarin-elit.jpg',	'',	'{}',	'кг'),
(772,	131,	'Мандарин Іспанія',	'mandarin-ispaniya',	'mandarin-ispaniya.jpg',	'',	'{}',	'кг'),
(773,	132,	'Мандарин Італія',	'mandarin-italiya',	'mandarin-italiya.jpg',	'',	'{}',	'кг'),
(774,	133,	'Мандарин Турція',	'mandarin-turciya',	'mandarin-turciya.jpg',	'',	'{}',	'кг'),
(775,	134,	'Мигдаль золотий',	'migdal-zolotij',	'migdal-zolotij.jpg',	'',	'{}',	'кг'),
(776,	135,	'Мікрогрін Горох',	'mikrogrin-goroh',	'mikrogrin-goroh.jpg',	'',	'{}',	'шт'),
(777,	136,	'Мікрогрін Люцерна',	'mikrogrin-lyucerna',	'mikrogrin-lyucerna.jpg',	'',	'{}',	'шт'),
(778,	137,	'Мікрогрін Гарбуз',	'mikrogrin-garbuz',	'mikrogrin-garbuz.jpg',	'',	'{}',	'шт'),
(779,	138,	'Мікрогрін Редис',	'mikrogrin-redis',	'mikrogrin-redis.jpg',	'',	'{}',	'шт'),
(780,	139,	'Мікрогрін Цибуля',	'mikrogrin-cibulya',	'mikrogrin-cibulya.jpg',	'',	'{}',	'шт'),
(781,	140,	'Морква Абако',	'morkva-abako',	'morkva-abako.jpg',	'',	'{}',	'кг'),
(782,	141,	'Мята',	'myata',	'myata.jpg',	'',	'{}',	'кг'),
(783,	142,	'Насіння гарбуза',	'nasinnya-garbuza',	'nasinnya-garbuza.jpg',	'',	'{}',	'кг'),
(784,	143,	'Насіння Чіа',	'nasinnya-chia',	'nasinnya-chia.jpg',	'',	'{}',	'кг'),
(785,	144,	'Горох Нут',	'goroh-nut',	'goroh-nut.jpg',	'',	'{}',	'кг'),
(786,	145,	'Огірок гладкий',	'ogirok-gladkij',	'ogirok-gladkij.jpg',	'',	'{}',	'кг'),
(787,	146,	'Огірок квашений',	'ogirok-kvashenij',	'ogirok-kvashenij.jpg',	'',	'{}',	'кг'),
(788,	147,	'Огірок колючий',	'ogirok-kolyuchij',	'ogirok-kolyuchij.jpg',	'',	'{}',	'кг'),
(789,	148,	'Помело',	'pomelo',	'pomelo.jpg',	'',	'{}',	'кг'),
(790,	149,	'Папайя',	'papajya',	'papajya.jpg',	'',	'{}',	'кг'),
(791,	150,	'Паприка мелена',	'paprika-melena',	'paprika-melena.jpg',	'',	'{}',	'кг'),
(792,	151,	'Пахлава',	'pahlava',	'pahlava.jpg',	'',	'{}',	'кг'),
(793,	152,	'Перець Білозірка',	'perec-bilozirka',	'perec-bilozirka.jpg',	'',	'{}',	'кг'),
(794,	153,	'Перець Болгарський',	'perec-bolgarskij',	'perec-bolgarskij.jpg',	'',	'{}',	'кг'),
(795,	154,	'Перець Болгарський Жовтий',	'perec-bolgarskij-zhovtij',	'perec-bolgarskij-zhovtij.jpg',	'',	'{}',	'кг'),
(796,	155,	'Перець Каппі',	'perec-kappi',	'perec-kappi.jpg',	'',	'{}',	'кг'),
(797,	156,	'Перець Чилі',	'perec-chili',	'perec-chili.jpg',	'',	'{}',	'кг'),
(798,	157,	'Персик',	'persik',	'persik.jpg',	'',	'{}',	'кг'),
(799,	158,	'Петрушка кучерява',	'petrushka-kucheryava',	'petrushka-kucheryava.jpg',	'',	'{}',	'кг'),
(800,	159,	'Петрушка',	'petrushka',	'petrushka.jpg',	'',	'{}',	'шт'),
(801,	160,	'Пітахайя біла',	'pitahajya-bila',	'pitahajya-bila.jpg',	'',	'{}',	'кг'),
(802,	161,	'Пітахайя червона',	'pitahajya-chervona',	'pitahajya-chervona.jpg',	'',	'{}',	'кг'),
(803,	162,	'Полуниця',	'polunicya',	'polunicya.jpg',	'',	'{}',	'кг'),
(804,	163,	'Томат',	'tomat',	'tomat.jpg',	'',	'{}',	'кг'),
(805,	164,	'Томат коктейльный',	'tomat-koktejlnyj',	'tomat-koktejlnyj.jpg',	'',	'{}',	'кг'),
(806,	165,	'Томат рожевий',	'tomat-rozhevij',	'tomat-rozhevij.jpg',	'',	'{}',	'кг'),
(807,	166,	'Томат чері',	'tomat-cheri',	'tomat-cheri.jpg',	'',	'{}',	'кг'),
(808,	167,	'Порей',	'porej',	'porej.jpg',	'',	'{}',	'кг'),
(809,	168,	'Смородина червона',	'smorodina-chervona',	'smorodina-chervona.jpg',	'',	'{}',	'кг'),
(810,	169,	'Салат Радічіо',	'salat-radichio',	'salat-radichio.jpg',	'',	'{}',	'кг'),
(811,	170,	'Редиска',	'rediska',	'rediska.jpg',	'',	'{}',	'кг'),
(812,	171,	'Розмарин',	'rozmarin',	'rozmarin.jpg',	'',	'{}',	'кг'),
(813,	172,	'Рукола',	'rukola',	'rukola.jpg',	'',	'{}',	'кг'),
(814,	173,	'Рукола пучок',	'rukola-puchok',	'rukola-puchok.jpg',	'',	'{}',	'шт'),
(815,	174,	'Салат Айсберг',	'salat-ajsberg',	'salat-ajsberg.jpg',	'',	'{}',	'кг'),
(816,	175,	'Салат Біонда',	'salat-bionda',	'salat-bionda.jpg',	'',	'{}',	'кг'),
(817,	176,	'Салат Мікс',	'salat-miks',	'salat-miks.jpg',	'',	'{}',	'кг'),
(818,	177,	'Салат Ромен',	'salat-romen',	'salat-romen.jpg',	'',	'{}',	'кг'),
(819,	178,	'Салат Россо',	'salat-rosso',	'salat-rosso.jpg',	'',	'{}',	'кг'),
(820,	179,	'Світі',	'sviti',	'sviti.jpg',	'',	'{}',	'кг'),
(821,	180,	'Стебло Селери',	'steblo-seleri',	'steblo-seleri.jpg',	'',	'{}',	'кг'),
(822,	181,	'Суміш сухофруктів',	'sumish-suhofruktiv',	'sumish-suhofruktiv.jpg',	'',	'{}',	'кг'),
(823,	182,	'Сушка',	'sushka',	'sushka.jpg',	'',	'{}',	'кг'),
(824,	183,	'Сушка узбецька',	'sushka-uzbecka',	'sushka-uzbecka.jpg',	'',	'{}',	'кг'),
(825,	184,	'Гарбуз',	'garbuz',	'garbuz.jpg',	'',	'{}',	'кг'),
(826,	185,	'Кмин',	'kmin',	'kmin.jpg',	'',	'{}',	'кг'),
(827,	186,	'Урюк сушений',	'uryuk-sushenij',	'uryuk-sushenij.jpg',	'',	'{}',	'кг'),
(828,	187,	'Фінік',	'finik',	'finik.jpg',	'',	'{}',	'кг'),
(829,	188,	'Фінік медовий',	'finik-medovij',	'finik-medovij.jpg',	'',	'{}',	'кг'),
(831,	190,	'Фісташки',	'fistashki',	'fistashki.jpg',	'',	'{}',	'кг'),
(832,	191,	'Салат Фрізе',	'salat-frize',	'salat-frize.jpg',	'',	'{}',	'кг'),
(833,	192,	'Фундук чиш',	'funduk-chish',	'funduk-chish.jpg',	'',	'{}',	'кг'),
(834,	193,	'Халва',	'halva',	'halva.jpg',	'',	'{}',	'кг'),
(835,	194,	'Халва Узбецька',	'halva-uzbecka',	'halva-uzbecka.jpg',	'',	'{}',	'кг'),
(836,	195,	'Цибуля',	'cibulya',	'cibulya.jpg',	'',	'{}',	'кг'),
(837,	196,	'Цибуля Біла',	'cibulya-bila',	'cibulya-bila.jpg',	'',	'{}',	'кг'),
(838,	197,	'Цибуля Марс',	'cibulya-mars',	'cibulya-mars.jpg',	'',	'{}',	'кг'),
(839,	198,	'Цукат Кубик Мікс',	'cukat-kubik-miks',	'cukat-kubik-miks.jpg',	'',	'{}',	'кг'),
(840,	199,	'Цукат Кубик Мікс Кроха',	'cukat-kubik-miks-kroha',	'cukat-kubik-miks-kroha.jpg',	'',	'{}',	'кг'),
(841,	200,	'Цукат Помело',	'cukat-pomelo',	'cukat-pomelo.jpg',	'',	'{}',	'кг'),
(842,	201,	'Цукат Папайя',	'cukat-papajya',	'cukat-papajya.jpg',	'',	'{}',	'кг'),
(843,	202,	'Цукор',	'cukor',	'cukor.jpg',	'',	'{}',	'кг'),
(844,	203,	'Часник',	'chasnik',	'chasnik.jpg',	'',	'{}',	'кг'),
(845,	204,	'Часник імпорт',	'chasnik-import',	'chasnik-import.jpg',	'',	'{}',	'кг'),
(846,	205,	'Сочевиця',	'sochevicya',	'sochevicya.jpg',	'',	'{}',	'кг'),
(847,	206,	'Сочевиця Червона',	'sochevicya-chervona',	'sochevicya-chervona.jpg',	'',	'{}',	'кг'),
(848,	207,	'Сочевиця Шліфована',	'sochevicya-shlifovana',	'sochevicya-shlifovana.jpg',	'',	'{}',	'кг'),
(849,	208,	'Чорнослив',	'chornosliv',	'chornosliv.jpg',	'',	'{}',	'кг'),
(850,	209,	'Шпинат',	'shpinat',	'shpinat.jpg',	'',	'{}',	'кг'),
(851,	210,	'Шпинат пучок',	'shpinat-puchok',	'shpinat-puchok.jpg',	'',	'{}',	'шт'),
(852,	211,	'Яблуко Домашнє',	'yabluko-domashnye',	'yabluko-domashnye.jpg',	'',	'{}',	'кг'),
(853,	212,	'Яблуко червоне',	'yabluko-chervone',	'yabluko-chervone.jpg',	'',	'{}',	'кг'),
(854,	213,	'Ягоди Годжі',	'yagodi-godzhi',	'yagodi-godzhi.jpg',	'<p>Плоди годжі мають довгасту форму і червоний колір. Вони містять цинк, йод, селен, залізо, кальцій, фосфор, калій, германій, магній, мідь, кобальт, вітаміни А, С, В1, В2, В6, В9, Е. Тобто завдяки широкому спектру необхідних людині мікроелементів і вітамінів ягоди годжі підвищують тонус, дають заряд енергії, нормалізують роботу нервової системи, покращують зір, підвищують рівень гемоглобіну у крові.</p><p>Лінолева кислота, що міститься у плодах годжі, спалює жир, тому дієтологи часто додають їх у раціон дієтичного харчування. Ці плоди підтримують баланс мікрофлори кишківника, очищають печінку, виводять зайву рідину з організму.</p><p>Оскільки продукти містять кислоти Омега-6, Омега-3 і полісахариди LBP, годжі нормалізують гормональний фон і мають антиоксидантну дію, підтримуючи молодість клітин і стимулюючи їх оновлення.</p>',	'{}',	'кг'),
(855,	214,	'Ядро соняшника1',	'yadro-sonyashnika',	'yadro-sonyashnika.jpg',	'[\"Антиоксиданти. У зернах із соняшнику міститься велика кількість вітаміну Е. Саме цей компонент відповідає за здорову шкіру, слизову оболонку порожнини рота, захищає клітини організму.\",\"В насінні міститься достатня кількість кислот, що мають антиокислювальні властивості. Вдосталь у зернах знаходиться амінокислоти аргініну. Саме цей компонент здатний підтримати серцево-судинну систему, зменшує відсоток виникнення тромбозу вен.\",\"Фітостероли, які містяться в насінні, вбирають у себе холестерин, тим самим зменшують його кількість в організмі.\"]',	'{\"Умови зберігання\": \"температура 0 до +10; вологість до 70%\", \"Термін зберігання\": \"7 місяців\", \"Калорійність (на 100г)\": \"600 ккал\"}',	'кг');

DROP TABLE IF EXISTS `products`;
CREATE TABLE `products` (
  `id` int NOT NULL AUTO_INCREMENT,
  `cat_id` int NOT NULL,
  `code` varchar(255) CHARACTER SET utf8 COLLATE utf8_general_ci NOT NULL,
  `price` float NOT NULL,
  `visible` int NOT NULL DEFAULT '1',
  `vol` float DEFAULT '0.1',
  `vol_min` float DEFAULT '0.1',
  PRIMARY KEY (`id`),
  UNIQUE KEY `product_id_uindex` (`id`)
) ENGINE=InnoDB DEFAULT CHARSET=utf8;

INSERT INTO `products` (`id`, `cat_id`, `code`, `price`, `visible`, `vol`, `vol_min`) VALUES
(15,	2,	'BBCRLBQH',	34.21,	1,	1,	0.1),
(16,	2,	'R37PKGP2',	33,	1,	1,	0.1),
(18,	3,	'2DDUBV24',	40,	0,	1,	0.1),
(19,	3,	'W63UECM8',	8.5,	0,	1,	0.1),
(20,	3,	'S58XTLUA',	30,	0,	1,	0.1),
(21,	1,	'KK8QD4ZT',	55,	1,	1,	0.1),
(24,	5,	'KGE87PYH',	55,	1,	1,	0.1),
(25,	5,	'AC24B4UU',	40,	1,	1,	1),
(26,	5,	'PC2U9ZXH',	40,	0,	1,	1),
(28,	2,	'LJXMECFC',	40,	0,	1,	0.1),
(30,	3,	'U6Y5BMDK',	40,	0,	1,	0.1),
(32,	3,	'2TTB688C',	40,	0,	1,	0.1),
(36,	5,	'06bbe071',	65,	1,	1,	0.1),
(37,	6,	'5312f233',	22,	1,	1,	0.2),
(38,	7,	'0a579037',	217,	1,	1,	0.1),
(39,	2,	'b1d7b535',	55,	1,	1,	0.1),
(40,	2,	'00c5d5d5',	22,	1,	1,	1),
(41,	2,	'acc8be7b',	37,	1,	1,	1),
(42,	2,	'7be4e45e',	1,	0,	1,	0.1),
(43,	4,	'd2123081',	1,	0,	1,	0.1),
(44,	2,	'681aaa9b',	40,	1,	1.5,	0.1),
(45,	2,	'c59021da',	85,	1,	1,	0.1),
(46,	6,	'b912ce1d',	171,	1,	1,	0.1),
(47,	2,	'a89aa689',	110,	1,	1.8,	0.1),
(48,	2,	'5df93b4f',	33,	1,	1,	0.1),
(49,	2,	'4fc4deff',	1,	0,	1,	0.1),
(50,	2,	'3ad7e9fe',	52,	1,	1,	0.1),
(51,	2,	'4e05ecef',	1,	0,	1,	0.1),
(52,	2,	'5ae8297f',	1,	0,	1,	0.1),
(53,	7,	'73e240ce',	75,	1,	1,	0.1),
(54,	7,	'cbc3009a',	128,	1,	1,	0.1),
(55,	7,	'5137f451',	80,	1,	1,	0.1),
(56,	7,	'130ed591',	60,	1,	1,	0.1),
(57,	7,	'81b4294c',	66,	1,	1,	0.1),
(58,	7,	'6d1cd31b',	168,	1,	1,	0.1),
(59,	7,	'feeefcfb',	185,	1,	1,	0.1),
(60,	1,	'2e2d89c0',	380,	1,	1,	0.1),
(61,	1,	'c33c64f3',	25,	1,	1,	0.1),
(62,	3,	'951156e5',	70,	1,	1,	0.1),
(63,	6,	'd0cea7d1',	121,	1,	1,	0.1),
(64,	3,	'fdff930b',	95,	1,	1,	0.1),
(65,	4,	'277418fa',	8.4,	1,	1,	0.1),
(66,	3,	'80f9240c',	12,	1,	1,	0.1),
(67,	3,	'c31b59c4',	6,	1,	1,	0.1),
(68,	2,	'b4d1e94e',	82,	1,	1,	0.1),
(69,	2,	'b89de029',	1,	0,	1,	0.1),
(70,	2,	'3ff87e11',	82,	1,	1,	0.1),
(71,	2,	'd75d06fe',	1,	0,	1,	0.1),
(72,	6,	'ad74bac0',	165,	1,	1,	0.1),
(73,	2,	'd1585c95',	320,	1,	1,	0.1),
(74,	7,	'b3810df2',	550,	1,	1,	0.1),
(75,	2,	'6dcfedcf',	110,	1,	1,	0.1),
(76,	2,	'b148899b',	30,	1,	1,	0.1),
(77,	7,	'989e9043',	155,	1,	1,	0.1),
(78,	2,	'2316672c',	50,	1,	1,	0.1),
(79,	3,	'122c4e56',	1,	0,	1,	0.1),
(80,	2,	'35dc74cf',	60,	1,	1,	0.1),
(81,	6,	'af80484d',	189,	1,	1,	0.1),
(82,	2,	'f1b90a05',	1,	0,	1,	0.1),
(83,	6,	'28ca9e58',	80,	1,	1,	0.1),
(84,	6,	'3714a657',	87,	1,	1,	0.1),
(85,	6,	'ea907e88',	63,	1,	1,	0.1),
(86,	1,	'1f816f68',	95,	1,	1,	0.1),
(87,	6,	'aebf1016',	165,	1,	1,	0.1),
(88,	2,	'4bb17469',	28,	1,	1,	0.2),
(89,	6,	'5f3d9a0a',	124,	1,	1,	0.1),
(90,	3,	'a9f2a57d',	26,	1,	1,	0.1),
(91,	2,	'b3369e98',	35,	1,	1,	0.1),
(92,	3,	'e284a30c',	1,	0,	1,	0.1),
(93,	3,	'1051fff5',	5.5,	1,	1,	0.1),
(94,	3,	'ce641912',	65,	1,	1,	0.1),
(95,	3,	'c90916b9',	1,	0,	1,	0.1),
(96,	3,	'2a51a607',	6,	1,	1,	0.1),
(97,	3,	'f53f11ed',	15,	1,	1,	0.1),
(98,	3,	'd3e30534',	1,	0,	1,	0.1),
(99,	3,	'5c58cc44',	35,	1,	1,	0.1),
(100,	3,	'89b39669',	10.5,	1,	1,	0.1),
(101,	3,	'a7b73551',	14,	1,	1,	0.1),
(102,	4,	'8c1ef2e4',	30,	1,	1,	0.1),
(103,	7,	'55cf6007',	292,	1,	1,	0.1),
(104,	2,	'8dd867a1',	174,	1,	1,	0.1),
(105,	6,	'b8753072',	152,	1,	1,	0.1),
(106,	5,	'29f34e72',	1,	0,	1,	1),
(107,	1,	'ecb47cd0',	78,	1,	1,	0.1),
(108,	2,	'6348662d',	23,	1,	1,	0.1),
(109,	4,	'4a642424',	72,	1,	1,	0.1),
(110,	1,	'f61719dc',	283,	1,	1,	0.1),
(111,	3,	'7550a5a0',	20,	1,	1,	0.1),
(112,	2,	'0f098d5d',	1,	0,	1,	0.1),
(113,	2,	'03f5a0f4',	1,	0,	1,	0.1),
(114,	5,	'44a6c1e3',	75,	1,	1,	0.1),
(115,	5,	'75bf86ca',	4.5,	1,	1,	1),
(116,	1,	'4128a283',	104,	1,	1,	0.1),
(117,	2,	'ab3d4ce1',	260,	1,	1,	0.1),
(118,	4,	'af867ae2',	87,	1,	1,	0.1),
(119,	6,	'95b2deb9',	73,	1,	1,	0.1),
(120,	6,	'04943868',	132,	1,	1,	0.1),
(121,	6,	'2438a727',	36,	1,	1,	0.1),
(122,	2,	'1a12a211',	110,	1,	1,	0.1),
(123,	2,	'c92ab684',	48,	1,	1,	0.1),
(124,	4,	'ccfcd4a4',	116,	1,	1,	0.1),
(125,	2,	'34290083',	560,	1,	1,	0.1),
(126,	2,	'60fb2bde',	47,	1,	1,	0.1),
(127,	2,	'4b0435ae',	160,	1,	1,	0.1),
(128,	6,	'e8df93d1',	167,	1,	1,	0.1),
(129,	5,	'86c4f834',	110,	1,	1,	0.1),
(130,	2,	'cd9c493c',	62,	1,	1,	0.1),
(131,	2,	'b13d17de',	1,	0,	1,	0.1),
(132,	2,	'14c43103',	1,	0,	1,	0.1),
(133,	2,	'e758b62f',	1,	0,	1,	0.1),
(134,	7,	'f6c5a6df',	1,	0,	1,	0.1),
(135,	5,	'56298bfa',	70,	1,	1,	1),
(136,	5,	'589c23d5',	50,	1,	1,	1),
(137,	5,	'5b05ebc4',	70,	1,	1,	1),
(138,	5,	'ad89d238',	70,	1,	1,	1),
(139,	5,	'41a8dd80',	110,	1,	1,	1),
(140,	3,	'1d9cd195',	8.5,	1,	1,	0.1),
(141,	5,	'1f456de9',	80,	1,	1,	0.1),
(142,	4,	'75c131ee',	142,	1,	1,	0.1),
(143,	4,	'e7253431',	105,	1,	1,	0.1),
(144,	4,	'ed9e0096',	35,	1,	1,	0.1),
(145,	3,	'17979b0d',	1,	0,	1,	0.1),
(146,	4,	'5ca6aea0',	1,	0,	1,	0.1),
(147,	3,	'cc2d8d39',	26,	1,	1,	0.1),
(148,	2,	'56cb9d04',	1,	0,	1,	0.1),
(149,	2,	'baaebbf6',	200,	1,	1,	0.1),
(150,	1,	'97eeb83d',	1,	0,	1,	0.1),
(151,	1,	'2ba901e5',	130,	1,	1,	0.1),
(152,	3,	'e713ab96',	1,	0,	1,	0.1),
(153,	3,	'8dfdf4bc',	75,	1,	1,	0.1),
(154,	3,	'de9d82b4',	75,	1,	1,	0.1),
(155,	3,	'7ac12ce8',	1,	0,	1,	0.1),
(156,	3,	'169b9ad7',	130,	1,	1,	0.1),
(157,	2,	'2c970115',	70,	1,	1,	0.1),
(158,	5,	'2c6fd03f',	60,	1,	1,	0.1),
(159,	5,	'98f22372',	4.5,	1,	1,	1),
(160,	2,	'1f29d052',	110,	1,	1,	0.1),
(161,	2,	'f2720ea3',	140,	1,	1,	0.1),
(162,	2,	'5d0088c2',	70,	1,	1,	0.1),
(163,	3,	'136a2f0b',	70,	1,	1,	0.1),
(164,	3,	'ea228605',	143,	1,	1,	0.1),
(165,	3,	'6e4686f4',	40,	1,	1,	0.1),
(166,	3,	'5dfeed1d',	72,	1,	1,	0.1),
(167,	3,	'f268a059',	1,	0,	1,	0.1),
(168,	2,	'fd05c235',	650,	1,	1,	0.1),
(169,	3,	'f16cb967',	110,	1,	1,	0.1),
(170,	3,	'66cc6fd6',	25,	1,	1,	0.1),
(171,	5,	'd8d5e529',	190,	1,	1,	0.1),
(172,	5,	'a01b6c41',	90,	1,	1,	0.1),
(173,	5,	'bcd4d0c3',	29,	1,	1,	1),
(174,	3,	'1ddd9780',	132,	1,	1,	0.1),
(175,	3,	'94bb6c6d',	35,	1,	1,	0.1),
(176,	3,	'46e3a288',	30,	1,	1,	0.1),
(177,	3,	'119de140',	980,	1,	1,	0.1),
(178,	3,	'cc628b77',	25,	1,	1,	0.1),
(179,	2,	'0e97af87',	1,	0,	1,	0.1),
(180,	5,	'a133e773',	1,	0,	1,	0.1),
(181,	6,	'c948d774',	190,	1,	1,	0.1),
(182,	6,	'5af4523f',	28,	1,	1,	0.1),
(183,	6,	'ee2c7c2d',	35,	1,	1,	0.1),
(184,	3,	'82082666',	1,	0,	1,	0.1),
(185,	1,	'5e1d6e5b',	190,	1,	1,	0.1),
(186,	6,	'b1c45393',	116,	1,	1,	0.1),
(187,	6,	'2ac07d67',	78,	1,	1,	0.1),
(188,	6,	'fc359e9c',	82,	1,	1,	0.1),
(190,	7,	'0fa5f7ec',	420,	1,	1,	0.1),
(191,	3,	'34b2bbf5',	30,	1,	1,	0.1),
(192,	7,	'2762dd1f',	334,	1,	1,	0.1),
(193,	1,	'b318cb8f',	128,	1,	1,	0.1),
(194,	1,	'ab4b9900',	46,	0,	1,	0.1),
(195,	3,	'4e9d3a7d',	13,	1,	1,	0.1),
(196,	3,	'3e43a441',	1,	0,	1,	0.1),
(197,	3,	'1174b925',	21,	1,	1,	0.1),
(198,	6,	'3c86a643',	132,	1,	1,	0.1),
(199,	6,	'6152bdf7',	125,	1,	1,	0.1),
(200,	6,	'16291f40',	126,	1,	1,	0.1),
(201,	6,	'fc70c95a',	1,	0,	1,	0.1),
(202,	4,	'56e64d2e',	1,	0,	1,	0.1),
(203,	3,	'1b69a585',	70,	1,	1,	0.1),
(204,	3,	'f8c86d27',	100,	1,	1,	0.1),
(205,	4,	'14505639',	22,	1,	1,	0.1),
(206,	4,	'f79c4554',	32,	1,	1,	0.1),
(207,	4,	'fa011b75',	23,	1,	1,	0.1),
(208,	6,	'07e34d5c',	45,	1,	1,	0.1),
(209,	5,	'37bfbf28',	45,	1,	1,	0.1),
(210,	5,	'18c63dc4',	1,	0,	1,	1),
(211,	2,	'739310d1',	18,	1,	1,	0.1),
(212,	2,	'76e630db',	33,	1,	1,	0.1),
(213,	6,	'd91dcea3',	315,	1,	1,	0.1),
(214,	4,	'5082ce7c',	28,	1,	1,	0.1);

DROP TABLE IF EXISTS `reviews`;
CREATE TABLE `reviews` (
  `id` int NOT NULL AUTO_INCREMENT,
  `product_id` int NOT NULL,
  `name` varchar(255) CHARACTER SET utf8 COLLATE utf8_general_ci NOT NULL,
  `email` varchar(255) CHARACTER SET utf8 COLLATE utf8_general_ci NOT NULL,
  `text` text CHARACTER SET utf8 COLLATE utf8_general_ci NOT NULL,
  `date` timestamp NOT NULL ON UPDATE CURRENT_TIMESTAMP,
  PRIMARY KEY (`id`),
  KEY `product_id` (`product_id`),
  CONSTRAINT `reviews_ibfk_1` FOREIGN KEY (`product_id`) REFERENCES `products` (`id`) ON DELETE CASCADE
) ENGINE=InnoDB DEFAULT CHARSET=utf8;

INSERT INTO `reviews` (`id`, `product_id`, `name`, `email`, `text`, `date`) VALUES
(2,	214,	'Олександр',	'alex@gmail.com',	'Дуже хороший товар, добре заходить з пивком під футбольчик',	'2020-11-20 13:31:50'),
(3,	214,	'Іван',	'ivan@gmail.com',	'Люблю сидіти під дверима і лускати соняшки',	'2020-11-20 13:31:08'),
(4,	213,	'Микола',	'mykola@gmail.com',	'Вовчі ягоди найкраще смакують свіжими',	'2020-11-20 13:50:23'),
(5,	213,	'Марина',	'marina@gmail.com',	'Гарний, яскравий колір',	'2020-11-20 13:52:20'),
(6,	213,	'Іван',	'ivan@gmail.com',	'Інформація справді корисна',	'2020-11-29 10:53:36'),
(9,	213,	'Марина',	'marina@gmail.com',	'З\'явився ще один чудовий колір',	'2020-11-29 11:10:22');

DROP TABLE IF EXISTS `users`;
CREATE TABLE `users` (
  `id` int NOT NULL AUTO_INCREMENT,
  `email` varchar(255) NOT NULL,
  `username` varchar(255) NOT NULL,
  `phone` varchar(10) DEFAULT NULL,
  `address` varchar(255) DEFAULT NULL,
  `discount` int DEFAULT '0',
  `secret` varchar(255) NOT NULL,
  `role` varchar(255) DEFAULT NULL,
  `change_secret_link` varchar(255) DEFAULT NULL,
  PRIMARY KEY (`id`),
  UNIQUE KEY `users_id_uindex` (`id`)
) ENGINE=InnoDB DEFAULT CHARSET=utf8;

INSERT INTO `users` (`id`, `email`, `username`, `phone`, `address`, `discount`, `secret`, `role`, `change_secret_link`) VALUES
(8,	'vberkoz@gmail.com',	'Микола',	'1234567899',	'1-й провулок Герцена, 13',	0,	'$2y$10$p5Gh.8gunmx.G4J5mA8dVehjUV8M3bvtq.IP.2VmQUU0ZgTEfxlU2',	'admin',	''),
(9,	'vberkoz2@gmail.com',	'Євген',	'0668132356',	'Фучика, 71',	30,	'$2y$10$.DMJGzmLYo6OzZLFlv.EDu8qgPQMWw3.cQT5g23h2KuzAyvSDKaMW',	'restaurant',	NULL),
(10,	'alex@mail.com',	'Олександр',	NULL,	NULL,	0,	'$2y$10$Ja6adhjFQJoE2mFC5ElNBuO8hjovdh7K2yDPBjWOp0BBclTNwsiMi',	'client',	''),
(18,	'vasylberkoz@icloud.com',	'Basil Sergius',	'0668132356',	'Комарова 6/2',	0,	'$2y$10$uBQZxQXGHFOrTpg38yLGTuh.NEEK/EHvNavKHmG2Wlprt1JsR.MpK',	'restaurant',	NULL);

-- 2020-12-17 20:20:21
